model_default_risk,postcode_default_risk
0.01605545437436524,0.2026481413213879
